Workbook

Sheet 1. Info & Instructions
A1: Budget Web Application — SIT Test Case Template
A2: Chememan PCL (CMAN) | System Integration Testing (SIT) | Data & Analytics
A4: Project Information
A5: Application | B5: Budget Web Application
A6: Environment | B6: SIT — https://cman-budget-web-prd.kindstone-f34836dd.southeastasia.azurecontainerapps.io/
A7: Test Phase | B7: System Integration Test (SIT)
A8: Department under test | B8: Data Analytic
A9: Role — Filler (ผู้กรอกงบ) | B9: Pornthip
A10: Role — Approver 1 (ผู้อนุมัติ) | B10: Laddawan
A11: Test Lead | B11: ________________________ (Data team manager)
A12: Test Cycle / Round | B12: Round 1
A13: Start Date | B13: ____ / ____ / ______
A14: Target End Date | B14: ____ / ____ / ______
A16: How to use this workbook
A17: 1. ไปที่แท็บ “2. Test Cases” ซึ่งมีเคสทดสอบเตรียมไว้ให้แล้วตาม flow ของระบบ Budget.
A18: 2. ทดสอบทีละเคสตาม “Test Steps” แล้วเทียบผลกับ “Expected Result”.
A19: 3. กรอกเฉพาะช่องพื้นหลังสีเหลือง: Actual Result, Status, Severity, Defect ID, Tester, Test Date, Remarks.
A20: 4. เลือก Status จาก dropdown: Pass / Fail / Blocked / N/A (ค่าเริ่มต้น = Not Run).
A21: 5. ถ้า Fail ให้ระบุ Severity และบันทึกรายละเอียดบั๊กใน “Actual Result” + เลข Defect ID.
A22: 6. แท็บ “3. Summary” สรุปผลอัตโนมัติ (นับจำนวน/อัตราผ่าน) ไม่ต้องกรอกเอง.
A23: 7. เพิ่มเคสใหม่ได้โดยแทรกแถวในแท็บ Test Cases (คัดลอกรูปแบบจากแถวด้านบน).
A25: Legend / คำอธิบายสี & สถานะ
B26: ช่องพื้นหลังสีเหลือง = ช่องที่ผู้ทดสอบต้องกรอก
B27: ช่องพื้นหลังสีฟ้า = ข้อมูลที่เตรียมไว้แล้ว (ไม่ต้องแก้)
B28: Status = Pass (ผลตรงตามที่คาดหวัง)
B29: Status = Fail (ผลไม่ตรง / พบบั๊ก)
A30: Severity: Critical = ระบบใช้งานไม่ได้/ข้อมูลผิดพลาดร้ายแรง | High = ฟังก์ชันหลักเสีย | Medium = มีทางเลี่ยง | Low = ปัญหาเล็กน้อย/UI

Sheet 2. Test Cases
A1: Budget Web App — SIT Test Cases
A2: No. | B2: Test Case ID | C2: Module / ฟังก์ชัน | D2: Test Scenario / สถานการณ์ | E2: Priority | F2: Preconditions / เงื่อนไขก่อนทดสอบ | G2: Test Steps / ขั้นตอนการทดสอบ | H2: Test Data / ข้อมูลทดสอบ | I2: Expected Result / ผลที่คาดหวัง | J2: Actual Result / ผลจริง | K2: Status | L2: Severity | M2: Defect ID | N2: Tester | O2: Test Date | P2: Remarks / หมายเหตุ
A3: EX | B3: TC-EX | C3: Login / Authentication | D3: (ตัวอย่างการกรอก) เข้าสู่ระบบด้วยบัญชีที่ถูกต้อง | E3: High | F3: มีบัญชีผู้ใช้ | G3: 1. เปิด URL 2. Sign in 3. กรอกบัญชี 4. ยืนยัน | H3: User: Pornthip | I3: เข้าสู่ระบบสำเร็จ แสดงหน้าหลัก | J3: เข้าได้ปกติ แสดงหน้าหลักถูกต้อง | K3: Pass | L3: - | M3: - | N3: Pornthip | O3: 10/08/2026 | P3: ตัวอย่างแถวสำหรับอ้างอิงรูปแบบการกรอก
A4: 1 | B4: TC-001 | C4: Login / Authentication | D4: เข้าสู่ระบบด้วยบัญชีที่ถูกต้อง (Filler) | E4: High | F4: มีบัญชีผู้ใช้ role Filler และเข้าถึง URL ของระบบได้ | G4: 1. เปิด URL ของระบบ 2. คลิก Sign in 3. กรอก username/password ของ Pornthip 4. ยืนยัน | H4: User: Pornthip (Filler) | I4: เข้าสู่ระบบสำเร็จ แสดงหน้าหลักตาม role Filler ของแผนก Data Analytic | K4: Not Run
A5: 2 | B5: TC-002 | C5: Login / Authentication | D5: เข้าสู่ระบบด้วยบัญชีที่ถูกต้อง (Approver) | E5: High | F5: มีบัญชีผู้ใช้ role Approver1 | G5: 1. เปิด URL 2. Sign in 3. กรอกบัญชีของ Laddawan 4. ยืนยัน | H5: User: Laddawan (Approver1) | I5: เข้าสู่ระบบสำเร็จ แสดงเมนู/สิทธิ์ของ Approver (เห็นรายการรออนุมัติ) | K5: Not Run
A6: 3 | B6: TC-003 | C6: Login / Authentication | D6: เข้าสู่ระบบด้วยรหัสผ่านผิด | E6: High | F6: มีบัญชีผู้ใช้อยู่ในระบบ | G6: 1. Sign in 2. กรอก username ถูก แต่ password ผิด 3. ยืนยัน | H6: password ผิด | I6: ระบบปฏิเสธการเข้าใช้ แสดงข้อความ error ที่เหมาะสม ไม่เข้าสู่ระบบ | K6: Not Run
A7: 4 | B7: TC-004 | C7: Login / Authentication | D7: ออกจากระบบ (Logout) | E7: Medium | F7: ล็อกอินอยู่ | G7: 1. คลิกเมนู user 2. เลือก Logout 3. กด Back ของ browser | H7: - | I7: ออกจากระบบและกลับไปหน้า Sign in; กด Back แล้วต้องไม่เข้าถึงข้อมูลเดิมได้ | K7: Not Run
A8: 5 | B8: TC-005 | C8: Login / Authentication | D8: Session หมดอายุ / timeout | E8: Medium | F8: ล็อกอินอยู่ | G8: 1. ล็อกอินแล้วปล่อยทิ้งไว้จนเกินเวลา session 2. กลับมาคลิกทำรายการ | H8: ทิ้งไว้เกินเวลา timeout | I8: ระบบบังคับให้ล็อกอินใหม่ ไม่ให้ทำรายการต่อด้วย session เดิม | K8: Not Run
A9: 6 | B9: TC-006 | C9: Budget Entry (Filler) | D9: แสดงฟอร์มกรอกงบของแผนก Data Analytic | E9: High | F9: ล็อกอินเป็น Filler (Pornthip) | G9: 1. เข้าเมนูกรอกงบประมาณ 2. ตรวจดูแผนก/ปีงบ/หมวดหมู่ที่แสดง | H9: Dept: Data Analytic | I9: ฟอร์มแสดงแผนก Data Analytic ถูกต้อง พร้อมหมวด/รายการงบและช่วงเวลาครบตามที่ออกแบบ | K9: Not Run
A10: 7 | B10: TC-007 | C10: Budget Entry (Filler) | D10: กรอกจำนวนเงินงบปกติและบันทึกร่าง | E10: High | F10: อยู่ในหน้าฟอร์มกรอกงบ | G10: 1. กรอกจำนวนเงินในแต่ละรายการ 2. กด Save/บันทึกร่าง 3. โหลดหน้าใหม่ | H10: เช่น 100,000 / 250,000 | I10: บันทึกร่างได้ ข้อมูลคงอยู่หลังโหลดใหม่ สถานะเป็น Draft | K10: Not Run
A11: 8 | B11: TC-008 | C11: Budget Entry (Filler) | D11: ผลรวม (Total) คำนวณอัตโนมัติถูกต้อง | E11: High | F11: กรอกงบหลายรายการ | G11: 1. กรอกตัวเลขหลายรายการ 2. ตรวจยอดรวมที่ระบบแสดง | H11: 10,000 + 20,000 + 5,500 | I11: ยอดรวม = ผลบวกของทุกรายการ (=35,500) แสดงถูกต้องแบบ real-time | K11: Not Run
A12: 9 | B12: TC-009 | C12: Budget Entry (Filler) | D12: รูปแบบตัวเลข / คั่นหลักพัน / ทศนิยม | E12: Medium | F12: อยู่ในหน้าฟอร์ม | G12: 1. กรอก 1234567.89 2. ออกจากช่อง (blur) | H12: 1234567.89 | I12: แสดงเป็น 1,234,567.89 (คั่นหลักพัน, ทศนิยม 2 ตำแหน่ง) หน่วยเป็น THB | K12: Not Run
A13: 10 | B13: TC-010 | C13: Budget Entry (Filler) | D13: Validation — ช่องบังคับว่าง | E13: High | F13: อยู่ในหน้าฟอร์ม | G13: 1. เว้นช่องที่บังคับกรอกให้ว่าง 2. กดส่ง | H13: ช่องบังคับ = ว่าง | I13: ระบบไม่ให้ส่ง แสดงข้อความเตือนช่องที่ต้องกรอกอย่างชัดเจน | K13: Not Run
A14: 11 | B14: TC-011 | C14: Budget Entry (Filler) | D14: Validation — กรอกตัวอักษรในช่องตัวเลข | E14: Medium | F14: อยู่ในหน้าฟอร์ม | G14: 1. พิมพ์ตัวอักษร/สัญลักษณ์ในช่องจำนวนเงิน | H14: abc, @#$ | I14: ระบบปฏิเสธ/ไม่รับค่า หรือแจ้งเตือนว่าต้องเป็นตัวเลขเท่านั้น | K14: Not Run
A15: 12 | B15: TC-012 | C15: Budget Entry (Filler) | D15: Validation — ค่าติดลบ | E15: Medium | F15: อยู่ในหน้าฟอร์ม | G15: 1. กรอกจำนวนเงินติดลบ 2. กดบันทึก/ส่ง | H15: -5000 | I15: ระบบจัดการตามกติกา (ปฏิเสธ หรือรับตามที่ออกแบบ) และแสดงผลสอดคล้องกัน | K15: Not Run
... A46: 43 | B46: TC-043 | C46: Email Alert / Notification | D46: อีเมลเตือนผู้กรอกงบที่ยังไม่ได้ส่งงบก่อนวันปิดรับ (รวมทุกฝ่ายใน 1 ฉบับ) | E46: Medium | F46: ตั้งวันเริ่มเตือนและวันปิดรับงบไว้แล้ว และ Filler ยังมีฝ่ายที่สถานะร่าง (Draft) หรือถูกตีกลับ | G46: 1. ตั้งวันปิดรับให้ปัจจุบันอยู่ในช่วงเตือน 2. รันงานแจ้งเตือนตามรอบ 3. เปิดกล่องจดหมายของ Filler และตรวจช่อง cc | H46: Filler 1 คน รับผิดชอบ 2 ฝ่ายที่ยังไม่ส่งงบ | I46: Filler ได้รับอีเมลฉบับเดียว หัวข้อ “แจ้งเตือน: ยังไม่ได้ส่งงบประมาณ 2 ฝ่าย ปีงบประมาณ 2027”; แสดงรายชื่อฝ่ายที่ยังไม่ส่งครบทุกฝ่าย พร้อมลิงก์กรอกงบแยกรายฝ่ายและวันกำหนดปิดรับ; สำเนา (cc) ถึงผู้อนุมัติขั้นที่ 1 ของ Filler คนนั้น | K46: Not Run

Sheet 3. Summary
B2: SIT Test Execution — Summary
B3: สรุปผลอัตโนมัติจากแท็บ “2. Test Cases” (ไม่ต้องกรอกเอง)
B5: Result | C5: Count
B6: Total test cases | C6: =COUNTA('2. Test Cases'!$B$4:$B$46)
B7: Pass | C7: =COUNTIF('2. Test Cases'!$K$4:$K$46,"Pass")
B8: Fail | C8: =COUNTIF('2. Test Cases'!$K$4:$K$46,"Fail")
B9: Blocked | C9: =COUNTIF('2. Test Cases'!$K$4:$K$46,"Blocked")
B10: Not Run | C10: =COUNTIF('2. Test Cases'!$K$4:$K$46,"Not Run")
B11: N/A | C11: =COUNTIF('2. Test Cases'!$K$4:$K$46,"N/A")
B12: Pass Rate (Pass / Executed) | C12: =IFERROR(COUNTIF('2. Test Cases'!$K$4:$K$46,"Pass")/(COUNTIF('2. Test Cases'!$K$4:$K$46,"Pass")+COUNTIF('2. Test Cases'!$K$4:$K$46,"Fail")+COUNTIF('2. Test Cases'!$K$4:$K$46,"Blocked")),"-")
B14: Breakdown by Module
B15: Module | C15: Total | D15: Pass | E15: Fail
B16: Login / Authentication | C16: =COUNTIF('2. Test Cases'!$C$4:$C$46,"Login / Authentication") | D16: =COUNTIFS('2. Test Cases'!$C$4:$C$46,"Login / Authentication",'2. Test Cases'!$K$4:$K$46,"Pass") | E16: =COUNTIFS('2. Test Cases'!$C$4:$C$46,"Login / Authentication",'2. Test Cases'!$K$4:$K$46,"Fail")
B17: Budget Entry (Filler) | C17: =COUNTIF('2. Test Cases'!$C$4:$C$46,"Budget Entry (Filler)") | D17: =COUNTIFS('2. Test Cases'!$C$4:$C$46,"Budget Entry (Filler)",'2. Test Cases'!$K$4:$K$46,"Pass") | E17: =COUNTIFS('2. Test Cases'!$C$4:$C$46,"Budget Entry (Filler)",'2. Test Cases'!$K$4:$K$46,"Fail")
B18: Submission / Workflow | C18: =COUNTIF('2. Test Cases'!$C$4:$C$46,"Submission / Workflow") | D18: =COUNTIFS('2. Test Cases'!$C$4:$C$46,"Submission / Workflow",'2. Test Cases'!$K$4:$K$46,"Pass") | E18: =COUNTIFS('2. Test Cases'!$C$4:$C$46,"Submission / Workflow",'2. Test Cases'!$K$4:$K$46,"Fail")
B19: Approval (Approver1) | C19: =COUNTIF('2. Test Cases'!$C$4:$C$46,"Approval (Approver1)") | D19: =COUNTIFS('2. Test Cases'!$C$4:$C$46,"Approval (Approver1)",'2. Test Cases'!$K$4:$K$46,"Pass") | E19: =COUNTIFS('2. Test Cases'!$C$4:$C$46,"Approval (Approver1)",'2. Test Cases'!$K$4:$K$46,"Fail")
B20: Business Rules | C20: =COUNTIF('2. Test Cases'!$C$4:$C$46,"Business Rules") | D20: =COUNTIFS('2. Test Cases'!$C$4:$C$46,"Business Rules",'2. Test Cases'!$K$4:$K$46,"Pass") | E20: =COUNTIFS('2. Test Cases'!$C$4:$C$46,"Business Rules",'2. Test Cases'!$K$4:$K$46,"Fail")
B21: Reports / Export | C21: =COUNTIF('2. Test Cases'!$C$4:$C$46,"Reports / Export") | D21: =COUNTIFS('2. Test Cases'!$C$4:$C$46,"Reports / Export",'2. Test Cases'!$K$4:$K$46,"Pass") | E21: =COUNTIFS('2. Test Cases'!$C$4:$C$46,"Reports / Export",'2. Test Cases'!$K$4:$K$46,"Fail")
B22: UI / UX | C22: =COUNTIF('2. Test Cases'!$C$4:$C$46,"UI / UX") | D22: =COUNTIFS('2. Test Cases'!$C$4:$C$46,"UI / UX",'2. Test Cases'!$K$4:$K$46,"Pass") | E22: =COUNTIFS('2. Test Cases'!$C$4:$C$46,"UI / UX",'2. Test Cases'!$K$4:$K$46,"Fail")
B23: Security | C23: =COUNTIF('2. Test Cases'!$C$4:$C$46,"Security") | D23: =COUNTIFS('2. Test Cases'!$C$4:$C$46,"Security",'2. Test Cases'!$K$4:$K$46,"Pass") | E23: =COUNTIFS('2. Test Cases'!$C$4:$C$46,"Security",'2. Test Cases'!$K$4:$K$46,"Fail")
B24: Data Integrity | C24: =COUNTIF('2. Test Cases'!$C$4:$C$46,"Data Integrity") | D24: =COUNTIFS('2. Test Cases'!$C$4:$C$46,"Data Integrity",'2. Test Cases'!$K$4:$K$46,"Pass") | E24: =COUNTIFS('2. Test Cases'!$C$4:$C$46,"Data Integrity",'2. Test Cases'!$K$4:$K$46,"Fail")
B25: Email Alert / Notification | C25: =COUNTIF('2. Test Cases'!$C$4:$C$46,"Email Alert / Notification") | D25: =COUNTIFS('2. Test Cases'!$C$4:$C$46,"Email Alert / Notification",'2. Test Cases'!$K$4:$K$46,"Pass") | E25: =COUNTIFS('2. Test Cases'!$C$4:$C$46,"Email Alert / Notification",'2. Test Cases'!$K$4:$K$46,"Fail")
B26: หมายเหตุ: ตัวเลขอัปเดตอัตโนมัติเมื่อกรอกคอลัมน์ Status ในแท็บ Test Cases (แถวตัวอย่าง EX ไม่ถูกนับ)
